{
  "gain": {
    "h=1": 0.019878624007105827,
    "h=4": 0.02326662465929985,
    "h=8": 0.025519389659166336,
    "h=16": 0.02761373296380043,
    "h=32": 0.029159439727663994
  },
  "dots": {
    "h=1": 0.019472837448120117,
    "h=4": 0.022292859852313995,
    "h=8": 0.023590540513396263,
    "h=16": 0.024940259754657745,
    "h=32": 0.026331214234232903
  },
  "flash": {
    "h=1": 0.019338250160217285,
    "h=4": 0.02200392074882984,
    "h=8": 0.023821067065000534,
    "h=16": 0.025488439947366714,
    "h=32": 0.026051968336105347
  },
  "taxis": {
    "h=1": 0.02064194157719612,
    "h=4": 0.024258427321910858,
    "h=8": 0.02702767215669155,
    "h=16": 0.02931864559650421,
    "h=32": 0.02990964986383915
  },
  "turning": {
    "h=1": 0.020362723618745804,
    "h=4": 0.024958813562989235,
    "h=8": 0.02856636606156826,
    "h=16": 0.03252163529396057,
    "h=32": 0.03499557077884674
  },
  "position": {
    "h=1": 0.01803620345890522,
    "h=4": 0.021034449338912964,
    "h=8": 0.022212691605091095,
    "h=16": 0.023337453603744507,
    "h=32": 0.024389784783124924
  },
  "open loop": {
    "h=1": 0.019213881343603134,
    "h=4": 0.021832449361681938,
    "h=8": 0.023069117218255997,
    "h=16": 0.024219734594225883,
    "h=32": 0.02584206312894821
  },
  "rotation": {
    "h=1": 0.021065285429358482,
    "h=4": 0.024351686239242554,
    "h=8": 0.026897002011537552,
    "h=16": 0.0287803765386343,
    "h=32": 0.028561174869537354
  },
  "dark": {
    "h=1": 0.018307479098439217,
    "h=4": 0.020183419808745384,
    "h=8": 0.02153804711997509,
    "h=16": 0.023389030247926712,
    "h=32": 0.02507440559566021
  }
}
