{
  "gain": {
    "h=1": 0.02009759470820427,
    "h=4": 0.024570271372795105,
    "h=8": 0.028681598603725433,
    "h=16": 0.03418818861246109,
    "h=32": 0.038239989429712296
  },
  "dots": {
    "h=1": 0.01943977177143097,
    "h=4": 0.02240222878754139,
    "h=8": 0.024075660854578018,
    "h=16": 0.025581277906894684,
    "h=32": 0.027575425803661346
  },
  "flash": {
    "h=1": 0.019444333389401436,
    "h=4": 0.022675998508930206,
    "h=8": 0.02599482052028179,
    "h=16": 0.030321607366204262,
    "h=32": 0.03266274929046631
  },
  "taxis": {
    "h=1": 0.020268283784389496,
    "h=4": 0.023974763229489326,
    "h=8": 0.027310509234666824,
    "h=16": 0.030396603047847748,
    "h=32": 0.031895868480205536
  },
  "turning": {
    "h=1": 0.020351631566882133,
    "h=4": 0.02549554966390133,
    "h=8": 0.03094593808054924,
    "h=16": 0.038104791194200516,
    "h=32": 0.04540778324007988
  },
  "position": {
    "h=1": 0.01795881800353527,
    "h=4": 0.021187638863921165,
    "h=8": 0.02264752984046936,
    "h=16": 0.023830287158489227,
    "h=32": 0.025261204689741135
  },
  "open loop": {
    "h=1": 0.019284645095467567,
    "h=4": 0.022131234407424927,
    "h=8": 0.023708682507276535,
    "h=16": 0.025079045444726944,
    "h=32": 0.02773745357990265
  },
  "rotation": {
    "h=1": 0.021750424057245255,
    "h=4": 0.026559311896562576,
    "h=8": 0.03225257620215416,
    "h=16": 0.03998985514044762,
    "h=32": 0.04353795573115349
  },
  "dark": {
    "h=1": 0.018409015610814095,
    "h=4": 0.020007746294140816,
    "h=8": 0.02157476358115673,
    "h=16": 0.023762421682476997,
    "h=32": 0.026156853884458542
  }
}
