{
  "gain": {
    "h=1": 0.0190831758081913,
    "h=4": 0.022114422172307968,
    "h=8": 0.02385607361793518,
    "h=16": 0.02597068063914776,
    "h=32": 0.02755884826183319
  },
  "dots": {
    "h=1": 0.018734309822320938,
    "h=4": 0.021151361986994743,
    "h=8": 0.022342419251799583,
    "h=16": 0.023571735247969627,
    "h=32": 0.024766599759459496
  },
  "flash": {
    "h=1": 0.01850939728319645,
    "h=4": 0.02070186845958233,
    "h=8": 0.022346291691064835,
    "h=16": 0.023501873016357422,
    "h=32": 0.024022284895181656
  },
  "taxis": {
    "h=1": 0.039865557104349136,
    "h=4": 0.035945504903793335,
    "h=8": 0.05186152085661888,
    "h=16": 0.055465217679739,
    "h=32": 0.06643910706043243
  },
  "turning": {
    "h=1": 0.019608590751886368,
    "h=4": 0.023289714008569717,
    "h=8": 0.026118353009223938,
    "h=16": 0.028019001707434654,
    "h=32": 0.02961859293282032
  },
  "position": {
    "h=1": 0.017257850617170334,
    "h=4": 0.01994466967880726,
    "h=8": 0.021170318126678467,
    "h=16": 0.022468144074082375,
    "h=32": 0.023275993764400482
  },
  "open loop": {
    "h=1": 0.01865367591381073,
    "h=4": 0.021114706993103027,
    "h=8": 0.021800447255373,
    "h=16": 0.023242618888616562,
    "h=32": 0.024563392624258995
  },
  "rotation": {
    "h=1": 0.020323997363448143,
    "h=4": 0.02347656898200512,
    "h=8": 0.02574658952653408,
    "h=16": 0.027203135192394257,
    "h=32": 0.027495529502630234
  },
  "dark": {
    "h=1": 0.01753261685371399,
    "h=4": 0.018856290727853775,
    "h=8": 0.019850492477416992,
    "h=16": 0.021502967923879623,
    "h=32": 0.022778183221817017
  }
}
