{
  "gain": {
    "h=1": 0.019511939957737923,
    "h=4": 0.023417379707098007,
    "h=8": 0.027074329555034637,
    "h=16": 0.03157927468419075,
    "h=32": 0.034926921129226685
  },
  "dots": {
    "h=1": 0.018875744193792343,
    "h=4": 0.021870039403438568,
    "h=8": 0.023497221991419792,
    "h=16": 0.02470862679183483,
    "h=32": 0.026204342022538185
  },
  "flash": {
    "h=1": 0.018785689026117325,
    "h=4": 0.022006159648299217,
    "h=8": 0.02485283464193344,
    "h=16": 0.028208188712596893,
    "h=32": 0.02988208830356598
  },
  "taxis": {
    "h=1": 0.05396166816353798,
    "h=4": 0.05330623686313629,
    "h=8": 0.0820859745144844,
    "h=16": 0.07383976876735687,
    "h=32": 0.12076921761035919
  },
  "turning": {
    "h=1": 0.019632702693343163,
    "h=4": 0.02434021234512329,
    "h=8": 0.02897484041750431,
    "h=16": 0.03538776561617851,
    "h=32": 0.04209030792117119
  },
  "position": {
    "h=1": 0.01732623390853405,
    "h=4": 0.020231585949659348,
    "h=8": 0.021402830258011818,
    "h=16": 0.022387880831956863,
    "h=32": 0.023503461852669716
  },
  "open loop": {
    "h=1": 0.018752139061689377,
    "h=4": 0.021654076874256134,
    "h=8": 0.023187357932329178,
    "h=16": 0.024147043004631996,
    "h=32": 0.025895532220602036
  },
  "rotation": {
    "h=1": 0.02082705684006214,
    "h=4": 0.025126677006483078,
    "h=8": 0.029718447476625443,
    "h=16": 0.035813719034194946,
    "h=32": 0.03802493214607239
  },
  "dark": {
    "h=1": 0.017590664327144623,
    "h=4": 0.01936793141067028,
    "h=8": 0.020689552649855614,
    "h=16": 0.022102264687418938,
    "h=32": 0.02376961149275303
  }
}
