{
  "gain": {
    "h=1": 0.019133223220705986,
    "h=4": 0.02229616604745388,
    "h=8": 0.024472393095493317,
    "h=16": 0.026270978152751923,
    "h=32": 0.027829712256789207
  },
  "dots": {
    "h=1": 0.01881379447877407,
    "h=4": 0.02145456150174141,
    "h=8": 0.02300139330327511,
    "h=16": 0.02399601601064205,
    "h=32": 0.02516108565032482
  },
  "flash": {
    "h=1": 0.018689103424549103,
    "h=4": 0.021156663075089455,
    "h=8": 0.02287619560956955,
    "h=16": 0.02402212657034397,
    "h=32": 0.024499235674738884
  },
  "taxis": {
    "h=1": 0.019779155030846596,
    "h=4": 0.02332274615764618,
    "h=8": 0.02633979357779026,
    "h=16": 0.02834562584757805,
    "h=32": 0.02920699119567871
  },
  "turning": {
    "h=1": 0.019751107320189476,
    "h=4": 0.023501552641391754,
    "h=8": 0.02674364484846592,
    "h=16": 0.02897176891565323,
    "h=32": 0.031149325892329216
  },
  "position": {
    "h=1": 0.017720501869916916,
    "h=4": 0.020293137058615685,
    "h=8": 0.021682661026716232,
    "h=16": 0.022698407992720604,
    "h=32": 0.02390679158270359
  },
  "open loop": {
    "h=1": 0.01877136342227459,
    "h=4": 0.021019162610173225,
    "h=8": 0.022264184430241585,
    "h=16": 0.02315685898065567,
    "h=32": 0.024492131546139717
  },
  "rotation": {
    "h=1": 0.020416561514139175,
    "h=4": 0.023094499483704567,
    "h=8": 0.025217212736606598,
    "h=16": 0.026969077065587044,
    "h=32": 0.027190063148736954
  },
  "dark": {
    "h=1": 0.017631642520427704,
    "h=4": 0.019330332055687904,
    "h=8": 0.020555516704916954,
    "h=16": 0.021865341812372208,
    "h=32": 0.023109106346964836
  }
}
