{
  "gain": {
    "h=1": 0.020034724846482277,
    "h=4": 0.02446015551686287,
    "h=8": 0.028468331322073936,
    "h=16": 0.033678505569696426,
    "h=32": 0.03778964281082153
  },
  "dots": {
    "h=1": 0.01934147998690605,
    "h=4": 0.02242943085730076,
    "h=8": 0.024162115529179573,
    "h=16": 0.025362247601151466,
    "h=32": 0.027350250631570816
  },
  "flash": {
    "h=1": 0.01923074573278427,
    "h=4": 0.02276642620563507,
    "h=8": 0.026141732931137085,
    "h=16": 0.029987435787916183,
    "h=32": 0.032685536891222
  },
  "taxis": {
    "h=1": 0.020031683146953583,
    "h=4": 0.02394278533756733,
    "h=8": 0.027283815667033195,
    "h=16": 0.030113093554973602,
    "h=32": 0.031629592180252075
  },
  "turning": {
    "h=1": 0.020208794623613358,
    "h=4": 0.025633541867136955,
    "h=8": 0.03130926564335823,
    "h=16": 0.037660036236047745,
    "h=32": 0.04465131461620331
  },
  "position": {
    "h=1": 0.01783369667828083,
    "h=4": 0.021220356225967407,
    "h=8": 0.022825250402092934,
    "h=16": 0.02368546836078167,
    "h=32": 0.02535215951502323
  },
  "open loop": {
    "h=1": 0.01919870264828205,
    "h=4": 0.022119341418147087,
    "h=8": 0.02380092814564705,
    "h=16": 0.024918943643569946,
    "h=32": 0.027481604367494583
  },
  "rotation": {
    "h=1": 0.021747319027781487,
    "h=4": 0.026469457894563675,
    "h=8": 0.03210436552762985,
    "h=16": 0.03935667499899864,
    "h=32": 0.043083060532808304
  },
  "dark": {
    "h=1": 0.018160251900553703,
    "h=4": 0.02027096040546894,
    "h=8": 0.022197691723704338,
    "h=16": 0.023694870993494987,
    "h=32": 0.026587534695863724
  }
}
