{
  "gain": {
    "h=1": 0.020360343158245087,
    "h=4": 0.02450961247086525,
    "h=8": 0.02857672981917858,
    "h=16": 0.03414115309715271,
    "h=32": 0.03821958228945732
  },
  "dots": {
    "h=1": 0.019596772268414497,
    "h=4": 0.022408083081245422,
    "h=8": 0.024114694446325302,
    "h=16": 0.025551054626703262,
    "h=32": 0.027609892189502716
  },
  "flash": {
    "h=1": 0.01957733742892742,
    "h=4": 0.0226801335811615,
    "h=8": 0.025989944115281105,
    "h=16": 0.03030717745423317,
    "h=32": 0.032827652990818024
  },
  "taxis": {
    "h=1": 0.02041277103126049,
    "h=4": 0.023973574861884117,
    "h=8": 0.027276255190372467,
    "h=16": 0.030371831730008125,
    "h=32": 0.03187551349401474
  },
  "turning": {
    "h=1": 0.02052471414208412,
    "h=4": 0.02580050751566887,
    "h=8": 0.031161639839410782,
    "h=16": 0.03831972926855087,
    "h=32": 0.04572797566652298
  },
  "position": {
    "h=1": 0.018114261329174042,
    "h=4": 0.021243713796138763,
    "h=8": 0.02274339459836483,
    "h=16": 0.023840051144361496,
    "h=32": 0.025499576702713966
  },
  "open loop": {
    "h=1": 0.019382912665605545,
    "h=4": 0.022103004157543182,
    "h=8": 0.023710595443844795,
    "h=16": 0.02504543587565422,
    "h=32": 0.027663184329867363
  },
  "rotation": {
    "h=1": 0.021987831220030785,
    "h=4": 0.026564039289951324,
    "h=8": 0.032113928347826004,
    "h=16": 0.03996727615594864,
    "h=32": 0.04372485354542732
  },
  "dark": {
    "h=1": 0.01853552646934986,
    "h=4": 0.020135046914219856,
    "h=8": 0.02185775898396969,
    "h=16": 0.02395826019346714,
    "h=32": 0.026641257107257843
  }
}
