{
  "gain": {
    "h=1": 0.019968697801232338,
    "h=4": 0.024128656834363937,
    "h=8": 0.02786020189523697,
    "h=16": 0.03244372457265854,
    "h=32": 0.03487550839781761
  },
  "dots": {
    "h=1": 0.019229333847761154,
    "h=4": 0.02181263454258442,
    "h=8": 0.023220347240567207,
    "h=16": 0.024409618228673935,
    "h=32": 0.025908393785357475
  },
  "flash": {
    "h=1": 0.019277842715382576,
    "h=4": 0.02217334881424904,
    "h=8": 0.025208232924342155,
    "h=16": 0.02878379262983799,
    "h=32": 0.030988017097115517
  },
  "taxis": {
    "h=1": 0.020066672936081886,
    "h=4": 0.023372303694486618,
    "h=8": 0.026229051873087883,
    "h=16": 0.028672434389591217,
    "h=32": 0.029591739177703857
  },
  "turning": {
    "h=1": 0.020349834114313126,
    "h=4": 0.02506716363132,
    "h=8": 0.03014935739338398,
    "h=16": 0.03663180395960808,
    "h=32": 0.04216555505990982
  },
  "position": {
    "h=1": 0.017908485606312752,
    "h=4": 0.020667480304837227,
    "h=8": 0.022035963833332062,
    "h=16": 0.02313704788684845,
    "h=32": 0.024415407329797745
  },
  "open loop": {
    "h=1": 0.019164560362696648,
    "h=4": 0.02151852287352085,
    "h=8": 0.022747062146663666,
    "h=16": 0.023846691474318504,
    "h=32": 0.02577000856399536
  },
  "rotation": {
    "h=1": 0.021685881540179253,
    "h=4": 0.026126354932785034,
    "h=8": 0.031284231692552567,
    "h=16": 0.03776027262210846,
    "h=32": 0.039529040455818176
  },
  "dark": {
    "h=1": 0.018362578004598618,
    "h=4": 0.019853735342621803,
    "h=8": 0.021608052775263786,
    "h=16": 0.023834222927689552,
    "h=32": 0.026868529617786407
  }
}
