{
  "gain": {
    "h=1": 0.019627481698989868,
    "h=4": 0.022720742970705032,
    "h=8": 0.024793846532702446,
    "h=16": 0.026583019644021988,
    "h=32": 0.0280576404184103
  },
  "dots": {
    "h=1": 0.019195303320884705,
    "h=4": 0.021587582305073738,
    "h=8": 0.023033669218420982,
    "h=16": 0.02426898665726185,
    "h=32": 0.025467246770858765
  },
  "flash": {
    "h=1": 0.019055476412177086,
    "h=4": 0.021273819729685783,
    "h=8": 0.0229062307626009,
    "h=16": 0.024164682254195213,
    "h=32": 0.024773472920060158
  },
  "taxis": {
    "h=1": 0.020347198471426964,
    "h=4": 0.023679984733462334,
    "h=8": 0.02638624608516693,
    "h=16": 0.028498463332653046,
    "h=32": 0.029422329738736153
  },
  "turning": {
    "h=1": 0.020275384187698364,
    "h=4": 0.023914853110909462,
    "h=8": 0.02703963592648506,
    "h=16": 0.029714981094002724,
    "h=32": 0.032020699232816696
  },
  "position": {
    "h=1": 0.017659027129411697,
    "h=4": 0.02036459743976593,
    "h=8": 0.021622540429234505,
    "h=16": 0.02278972417116165,
    "h=32": 0.02395995333790779
  },
  "open loop": {
    "h=1": 0.01894945092499256,
    "h=4": 0.02121984213590622,
    "h=8": 0.022349689155817032,
    "h=16": 0.02333550527691841,
    "h=32": 0.024656526744365692
  },
  "rotation": {
    "h=1": 0.021001501008868217,
    "h=4": 0.02355361171066761,
    "h=8": 0.02564939111471176,
    "h=16": 0.02715032547712326,
    "h=32": 0.027022527530789375
  },
  "dark": {
    "h=1": 0.017996443435549736,
    "h=4": 0.019433656707406044,
    "h=8": 0.020751578733325005,
    "h=16": 0.022245539352297783,
    "h=32": 0.023545103147625923
  }
}
